{
    "epoch": 5.0,
    "eval_accuracy": 0.5037612392451102,
    "eval_loss": 2.69238543510437,
    "eval_runtime": 184.9991,
    "eval_samples": 555,
    "eval_samples_per_second": 3.0,
    "eval_steps_per_second": 0.751,
    "perplexity": 14.766859324509298
}